task_id,code_key,logits_yes,logits_no,score
MBPP/2,code_1,0.003930050414055586,0.0013164017582312226,0.5006534117919927
MBPP/2,code_2,0.002415107563138008,0.0013977570924907923,0.5002543375957251
MBPP/2,code_3,0.003023250261321664,0.0012025658506900072,0.500455170976921
MBPP/2,code_4,0.0028321968857198954,0.0013803025940433145,0.5003629735091568
MBPP/2,code_5,0.003396047279238701,0.001269010128453374,0.5005317590872104
MBPP/2,code_6,0.0034149999264627695,0.0009119819151237607,0.5006257541761339
MBPP/2,code_7,0.0031825159676373005,0.0017303039785474539,0.5003630529334684
MBPP/2,code_8,0.003226414555683732,0.0010639586253091693,0.5005406137719248
MBPP/2,code_9,0.0026840323116630316,0.0011188711505383253,0.5003912902104015
MBPP/2,code_10,0.0021502752788364887,0.000842059962451458,0.5003270537824521
MBPP/14,code_1,0.0033385357819497585,0.0017051572212949395,0.5004083445493775
MBPP/14,code_2,0.003935094457119703,0.0016023918287828565,0.5005831753926385
MBPP/14,code_3,0.002392853144556284,0.002062768442556262,0.5000825211747507
MBPP/14,code_4,0.002874929690733552,0.0012078485451638699,0.5004167701898699
MBPP/14,code_5,0.0027425354346632957,0.0020064818672835827,0.5001840133835371
MBPP/14,code_6,0.005193104036152363,0.0016598155489191413,0.5008833212028506
MBPP/14,code_7,0.0032457627821713686,0.0012223654193803668,0.500505849168113
MBPP/14,code_8,0.0032065461855381727,0.0018558065639808774,0.5003376848540472
MBPP/14,code_9,0.0034994645975530148,0.0020412197336554527,0.5003645611513718
MBPP/14,code_10,0.00414949981495738,0.0019909515976905823,0.5005396368447879
MBPP/21,code_1,0.0039682514034211636,0.0018310471205040812,0.5005343008673546
MBPP/21,code_2,0.004418594297021627,0.0025176391936838627,0.5004752386327231
MBPP/21,code_3,0.0038632177747786045,0.0014549011830240488,0.5006020788569344
MBPP/21,code_4,0.004037722945213318,0.0017366029787808657,0.5005752797377585
MBPP/21,code_5,0.0034813883248716593,0.0019681984558701515,0.5003782973950667
MBPP/21,code_6,0.005422744434326887,0.0026635625399649143,0.5006897950359683
MBPP/21,code_7,0.0032463513780385256,0.0020315146539360285,0.5003037091436737
MBPP/21,code_8,0.002115693176165223,0.0018238414777442813,0.5000729629240873
MBPP/21,code_9,0.0038739347364753485,0.001458937069401145,0.5006037491233357
MBPP/21,code_10,0.00425409059971571,0.003161371685564518,0.5002731797013557
MBPP/22,code_1,0.004430242348462343,0.0011377802584320307,0.5008231147789397
MBPP/22,code_2,0.004847461823374033,0.0025148300919681787,0.5005831576684298
MBPP/22,code_3,0.002881453139707446,0.0028367803897708654,0.5000111681874824
MBPP/22,code_4,0.001998132560402155,0.0017771759303286672,0.5000552391572936
MBPP/22,code_5,0.0025087501853704453,0.0023384124506264925,0.5000425844335831
MBPP/22,code_6,0.002508781850337982,0.001984609756618738,0.5001310430204294
MBPP/22,code_7,0.004847461823374033,0.0025148300919681787,0.5005831576684298
MBPP/22,code_8,0.004745963029563427,0.0013704057782888412,0.5008438885115195
MBPP/22,code_9,0.002881453139707446,0.0028367803897708654,0.5000111681874824
MBPP/22,code_10,0.004411360714584589,0.0016484051011502743,0.5006907384639383
MBPP/35,code_1,0.0043813325464725494,0.0012750404421240091,0.500776572401655
MBPP/35,code_2,0.004953926429152489,0.0017526309238746762,0.500800323192824
MBPP/35,code_3,0.003713743994012475,0.0018528556684032083,0.5004652219471507
MBPP/35,code_4,0.004267671145498753,0.0022843198385089636,0.5004958376642086
MBPP/35,code_5,0.002719521289691329,0.001206780318170786,0.5003781851707607
MBPP/35,code_6,0.0032037661876529455,0.001284365076571703,0.5004798501304523
MBPP/35,code_7,0.0036301095969974995,0.0022894814610481262,0.5003351569837896
MBPP/35,code_8,0.0030888414476066828,0.0019481078488752246,0.5002851833687577
MBPP/35,code_9,0.0035071151796728373,0.0012701927917078137,0.5005592303638006
MBPP/35,code_10,0.0029500103555619717,0.0012491130037233233,0.5004252242354433
MBPP/59,code_1,0.0029525861609727144,0.0010777428979054093,0.5004687106784722
MBPP/59,code_2,0.0024323193356394768,0.0008538243710063398,0.5003946236592197
MBPP/59,code_3,0.0025925457011908293,0.0009463221649639308,0.500411555791112
MBPP/59,code_4,0.002283205511048436,0.000989696360193193,0.5003233772426252
MBPP/59,code_5,0.0023671386297792196,0.0008708217064850032,0.5003740791610276
MBPP/59,code_6,0.0025925457011908293,0.0009463221649639308,0.500411555791112
MBPP/59,code_7,0.0023671386297792196,0.0008708217064850032,0.5003740791610276
MBPP/59,code_8,0.0025925457011908293,0.0009463221649639308,0.500411555791112
MBPP/59,code_9,0.0023671386297792196,0.0008708217064850032,0.5003740791610276
MBPP/59,code_10,0.0025925457011908293,0.0009463221649639308,0.500411555791112
MBPP/72,code_1,0.003713466227054596,0.0016096686013042927,0.5005259492124515
MBPP/72,code_2,0.004632017575204372,0.0014575290260836482,0.5007936214708116
MBPP/72,code_3,0.0039035030640661716,0.0015895275864750147,0.5005784936112699
MBPP/72,code_4,0.003032567212358117,0.0015368303284049034,0.5003739341512736
MBPP/72,code_5,0.003948246594518423,0.0015952358953654766,0.5005882524033755
MBPP/72,code_6,0.0036898034159094095,0.001368048950098455,0.5005804383557129
MBPP/72,code_7,0.003579916199669242,0.0016778730787336826,0.5004755106368767
MBPP/72,code_8,0.003713466227054596,0.0016096686013042927,0.5005259492124515
MBPP/72,code_9,0.003564061364158988,0.0015570231480523944,0.5005017593855943
MBPP/72,code_10,0.0033394182100892067,0.0016923347720876336,0.5004117707664099
MBPP/81,code_1,0.0038362168706953526,0.001959347864612937,0.5004692171137805
MBPP/81,code_2,0.0033234357833862305,0.003171244403347373,0.5000380478449362
MBPP/81,code_3,0.0028560245409607887,0.001787254586815834,0.5002671924631025
MBPP/81,code_4,0.0028560245409607887,0.001787254586815834,0.5002671924631025
MBPP/81,code_5,0.0028560245409607887,0.001787254586815834,0.5002671924631025
MBPP/81,code_6,0.0028560245409607887,0.001787254586815834,0.5002671924631025
MBPP/81,code_7,0.0028560245409607887,0.001787254586815834,0.5002671924631025
MBPP/81,code_8,0.0028560245409607887,0.001787254586815834,0.5002671924631025
MBPP/81,code_9,0.0028560245409607887,0.001787254586815834,0.5002671924631025
MBPP/81,code_10,0.0028560245409607887,0.001787254586815834,0.5002671924631025
MBPP/88,code_1,0.005767190363258123,0.0025392596144229174,0.5008069819865106
MBPP/88,code_2,0.006149700377136469,0.0037299818359315395,0.5006049293401442
MBPP/88,code_3,0.004204463213682175,0.002414420247077942,0.5004475106221563
MBPP/88,code_4,0.006596452556550503,0.004641184117645025,0.5004888169539945
MBPP/88,code_5,0.005541407503187656,0.003012811066582799,0.5006321487723318
MBPP/88,code_6,0.006055356934666634,0.0036441779229789972,0.500602794460879
MBPP/88,code_7,0.005066928453743458,0.003401774913072586,0.5004162882889797
MBPP/88,code_8,0.005803132429718971,0.003896038979291916,0.5004767732181046
MBPP/88,code_9,0.004409692715853453,0.002512567210942507,0.5004742812339795
MBPP/88,code_10,0.004815034102648497,0.002638421021401882,0.5005441530554781
MBPP/92,code_1,0.0038983060512691736,0.0024016767274588346,0.500374157261113
MBPP/92,code_2,0.004345153458416462,0.0022897347807884216,0.5005138544884984
MBPP/92,code_3,0.004289465025067329,0.002925161039456725,0.5003410759434982
MBPP/92,code_4,0.003438129322603345,0.002762614516541362,0.5001688786950936
MBPP/92,code_5,0.0047788782976567745,0.0027229227125644684,0.5005139887152226
MBPP/92,code_6,0.0034225182607769966,0.002108552260324359,0.5003284914528513
MBPP/92,code_7,0.003745379624888301,0.0020683950278908014,0.5004192460509963
MBPP/92,code_8,0.004024901892989874,0.0022933201398700476,0.5004328953301146
MBPP/92,code_9,0.0043598380871117115,0.0021752037573605776,0.5005461583652203
MBPP/92,code_10,0.004205155652016401,0.002268511336296797,0.5004841609276058
MBPP/100,code_1,0.003505288390442729,0.003450944321230054,0.5000135860172997
MBPP/100,code_2,0.003838535165414214,0.003157492959871888,0.5001702605448047
MBPP/100,code_3,0.004108828026801348,0.003301536198705435,0.500201822946063
MBPP/100,code_4,0.0023668042849749327,0.0018289246363565326,0.5001344699089126
MBPP/100,code_5,0.0023881641682237387,0.002813945058733225,0.4998935547789808
MBPP/100,code_6,0.0023668042849749327,0.0018289246363565326,0.5001344699089126
MBPP/100,code_7,0.0030816064681857824,0.0032043636310845613,0.4999693107093139
MBPP/100,code_8,0.0023668042849749327,0.0018289246363565326,0.5001344699089126
MBPP/100,code_9,0.003171806689351797,0.003402851987630129,0.4999422386756873
MBPP/100,code_10,0.0023668042849749327,0.0018289246363565326,0.5001344699089126
MBPP/103,code_1,0.001883224700577557,0.0017553585348650813,0.5000319665413845
MBPP/103,code_2,0.0015692283632233739,0.001280766911804676,0.5000721153623547
MBPP/103,code_3,0.0019683092832565308,0.00212824996560812,0.49996001482949737
MBPP/103,code_4,0.0013309819623827934,0.001362545182928443,0.49999210919486425
MBPP/103,code_5,0.0014761966885998845,0.0011586800683289766,0.5000793791544008
MBPP/103,code_6,0.0013340271543711424,0.0012929834192618728,0.5000102609337759
MBPP/103,code_7,0.0014761966885998845,0.0011586800683289766,0.5000793791544008
MBPP/103,code_8,0.0013309819623827934,0.001362545182928443,0.49999210919486425
MBPP/103,code_9,0.0014761966885998845,0.0011586800683289766,0.5000793791544008
MBPP/103,code_10,0.0013340271543711424,0.0012929834192618728,0.5000102609337759
MBPP/106,code_1,0.004900271072983742,0.0020110670011490583,0.5007223005155085
MBPP/106,code_2,0.004171878099441528,0.0024144980125129223,0.5004393449086599
MBPP/106,code_3,0.003912868909537792,0.0019370104419067502,0.500493964456204
MBPP/106,code_4,0.005193538963794708,0.00273680267855525,0.5006141837623984
MBPP/106,code_5,0.004275771323591471,0.002782297320663929,0.5003733684313331
MBPP/106,code_6,0.003527839435264468,0.00209017563611269,0.5003594158878822
MBPP/106,code_7,0.003826029831543565,0.0020964916329830885,0.5004323844418573
MBPP/106,code_8,0.005103759467601776,0.0028854040428996086,0.5005545886287432
MBPP/106,code_9,0.0038079938385635614,0.0027214502915740013,0.5002716358600234
MBPP/106,code_10,0.003181068692356348,0.002309208270162344,0.5002179650917415
MBPP/107,code_1,0.0030760252848267555,0.001608337159268558,0.5003669219655238
MBPP/107,code_2,0.0034089675173163414,0.0018826107261702418,0.5003815891237021
MBPP/107,code_3,0.003320420626550913,0.0014966308372095227,0.500455947320954
MBPP/107,code_4,0.0028942995704710484,0.0010002432391047478,0.5004735139412826
MBPP/107,code_5,0.003989328630268574,0.0013573007890954614,0.5006580065804278
MBPP/107,code_6,0.002082592574879527,0.0015843528090044856,0.5001245599388919
MBPP/107,code_7,0.002620158949866891,0.0012090046657249331,0.5003527885124915
MBPP/107,code_8,0.002410243032500148,0.001077927416190505,0.5003330788548077
MBPP/107,code_9,0.0026882982347160578,0.001036431291140616,0.5004129666419899
MBPP/107,code_10,0.0034171806182712317,0.0017728100065141916,0.5004110925603079
MBPP/122,code_1,0.0015754669439047575,0.0012365981237962842,0.5000847172042164
MBPP/122,code_2,0.001970691839233041,0.002147538121789694,0.49995578842947613
MBPP/122,code_3,0.0021245009265840054,0.0015665087848901749,0.500139498031804
MBPP/122,code_4,0.0018182632047683,0.0012399478582665324,0.5001445788325959
MBPP/122,code_5,0.0023755307774990797,0.0013118927599862218,0.500265909479309
MBPP/122,code_6,0.001906068529933691,0.0011835048208013177,0.5001806409194238
MBPP/122,code_7,0.003185298526659608,0.0014697738224640489,0.5004288810708649
MBPP/122,code_8,0.0027116206474602222,0.0017783241346478462,0.5002333241112668
MBPP/122,code_9,0.002632105490192771,0.0013029867550358176,0.5003322796348734
MBPP/122,code_10,0.0015190904960036278,0.0010198692325502634,0.5001248053132713
MBPP/131,code_1,0.003432532539591193,0.0017259857850149274,0.5004266365851029
MBPP/131,code_2,0.0035401165951043367,0.00195503793656826,0.5003962695816659
MBPP/131,code_3,0.0037202928215265274,0.0019758325070142746,0.5004361149680314
MBPP/131,code_4,0.003665700787678361,0.002024392131716013,0.5004103270718757
MBPP/131,code_5,0.0035684595350176096,0.0018951945239678025,0.5004183161551617
MBPP/131,code_6,0.003492537885904312,0.0018988598603755236,0.5003984194220564
MBPP/131,code_7,0.003665700787678361,0.002024392131716013,0.5004103270718757
MBPP/131,code_8,0.0035684595350176096,0.0018951945239678025,0.5004183161551617
MBPP/131,code_9,0.003492537885904312,0.0018988598603755236,0.5003984194220564
MBPP/131,code_10,0.003492537885904312,0.0018988598603755236,0.5003984194220564
MBPP/161,code_1,0.003723791101947427,0.0019318775739520788,0.5004479782621291
MBPP/161,code_2,0.003684119088575244,0.001559954253025353,0.5005310410092126
MBPP/161,code_3,0.003617734182626009,0.002263920148834586,0.5003384534567544
MBPP/161,code_4,0.0031515490263700485,0.002695662435144186,0.5001139716458326
MBPP/161,code_5,0.0029612574726343155,0.0017408333951607347,0.5003051059814988
MBPP/161,code_6,0.003013684879988432,0.0014802722726017237,0.5003833530767301
MBPP/161,code_7,0.0037264381535351276,0.0015413217479363084,0.5005462788840385
MBPP/161,code_8,0.0037422622554004192,0.0017955569783225656,0.5004866761655746
MBPP/161,code_9,0.0034589727874845266,0.0022507966496050358,0.500302043997729
MBPP/161,code_10,0.0036785861011594534,0.002095995005220175,0.5003956476914068
MBPP/162,code_1,0.00356367789208889,0.001723281922750175,0.5004600988624696
MBPP/162,code_2,0.004018296953290701,0.002740240655839443,0.5003195140308708
MBPP/162,code_3,0.0036426945589482784,0.0022094058804214,0.5003583221082895
MBPP/162,code_4,0.003430807963013649,0.002163783647119999,0.5003167560365981
MBPP/162,code_5,0.004053848329931498,0.001991183264181018,0.5005156660836089
MBPP/162,code_6,0.003907572012394667,0.0022792664822191,0.5004070762926012
MBPP/162,code_7,0.0035708926152437925,0.002003089291974902,0.5003919507505324
MBPP/162,code_8,0.002796799410134554,0.0019222104456275702,0.5002186472271897
MBPP/162,code_9,0.0029023378156125546,0.0016929185949265957,0.5003023547683171
MBPP/162,code_10,0.002829683944582939,0.0021028423216193914,0.5001817103977411
MBPP/167,code_1,0.0026700268499553204,0.0014180405996739864,0.5003129965216859
MBPP/167,code_2,0.004243887960910797,0.0019128702115267515,0.5005827541734728
MBPP/167,code_3,0.004076249431818724,0.0016728894552215934,0.5006008397049382
MBPP/167,code_4,0.004593785386532545,0.0017849525902420282,0.5007022077373979
MBPP/167,code_5,0.0035545865539461374,0.0013811634853482246,0.5005433555532591
MBPP/167,code_6,0.0045941672287881374,0.0017851009033620358,0.5007022661195666
MBPP/167,code_7,0.003928866237401962,0.0013472136342898011,0.5006454127923088
MBPP/167,code_8,0.0028726374730467796,0.0017423427198082209,0.5002825736582258
MBPP/167,code_9,0.0030901276040822268,0.0020107843447476625,0.5002698357886375
MBPP/167,code_10,0.003641013987362385,0.0014370246790349483,0.5005509971040397
MBPP/190,code_1,0.0030234437435865402,0.0024294054601341486,0.5001485095664958
MBPP/190,code_2,0.0035324140917509794,0.002280697925016284,0.5003129290008258
MBPP/190,code_3,0.0028342355508357286,0.0018015498062595725,0.5002581714132004
MBPP/190,code_4,0.0035324140917509794,0.002280697925016284,0.5003129290008258
MBPP/190,code_5,0.0035324140917509794,0.002280697925016284,0.5003129290008258
MBPP/190,code_6,0.0035324140917509794,0.002280697925016284,0.5003129290008258
MBPP/190,code_7,0.0030066263861954212,0.0022695206571370363,0.500184276423921
MBPP/190,code_8,0.0035324140917509794,0.002280697925016284,0.5003129290008258
MBPP/190,code_9,0.0030066263861954212,0.0022695206571370363,0.500184276423921
MBPP/190,code_10,0.0035324140917509794,0.002280697925016284,0.5003129290008258
MBPP/192,code_1,0.004936739802360535,0.002769260201603174,0.5005418696880488
MBPP/192,code_2,0.002811264479532838,0.0018873935332521796,0.5002309677201419
MBPP/192,code_3,0.003493498545140028,0.0017429711297154427,0.5004376317421017
MBPP/192,code_4,0.0032484009861946106,0.001865399768576026,0.5003457502492952
MBPP/192,code_5,0.003638397203758359,0.002025072928518057,0.500403330981327
MBPP/192,code_6,0.004308256320655346,0.003031237283721566,0.5003192547158474
MBPP/192,code_7,0.005067675840109587,0.0030024987645447254,0.5005162940853936
MBPP/192,code_8,0.004759849980473518,0.0019231532933190465,0.5007091736962376
MBPP/192,code_9,0.004164310172200203,0.002410117769613862,0.5004385479881885
MBPP/192,code_10,0.003692185040563345,0.002239423571154475,0.5003631903034756
MBPP/202,code_1,0.0041068559512495995,0.003028205595910549,0.500269662562689
MBPP/202,code_2,0.00295835523866117,0.0016725023742765188,0.5003214631718034
MBPP/202,code_3,0.0032174091320484877,0.0018476026598364115,0.5003424515645059
MBPP/202,code_4,0.003571833949536085,0.0028925593942403793,0.5001698186322943
MBPP/202,code_5,0.003290516557171941,0.0024453040678054094,0.5002113031097624
MBPP/202,code_6,0.0039469050243496895,0.00233846390619874,0.5004021101928467
MBPP/202,code_7,0.0036015897057950497,0.002634979085996747,0.5002416526361342
MBPP/202,code_8,0.0029597170650959015,0.002066215267404914,0.5002233754345619
MBPP/202,code_9,0.003290516557171941,0.0024453040678054094,0.5002113031097624
MBPP/202,code_10,0.0021309859585016966,0.0016596135683357716,0.5001178430953596
MBPP/206,code_1,0.004450873471796513,0.0025559216737747192,0.5004737378077456
MBPP/206,code_2,0.004119388293474913,0.0019156935159116983,0.500550923471438
MBPP/206,code_3,0.0037724915891885757,0.0023979416582733393,0.5003436374286234
MBPP/206,code_4,0.00368608464486897,0.0018680166685953736,0.5004545168688729
MBPP/206,code_5,0.0035766251385211945,0.0018995313439518213,0.5004192733503702
MBPP/206,code_6,0.0032960546668618917,0.0023372527211904526,0.5002397004680549
MBPP/206,code_7,0.004155398346483707,0.0028783599846065044,0.5003192595470812
MBPP/206,code_8,0.004446306731551886,0.002593507757410407,0.5004631996110269
MBPP/206,code_9,0.004052682779729366,0.0015747026773169637,0.5006194947086084
MBPP/206,code_10,0.003385229967534542,0.0017700083553791046,0.5004038053152469
MBPP/215,code_1,0.002743820194154978,0.0016904185758903623,0.5002633503802139
MBPP/215,code_2,0.0034082410857081413,0.0016610439633950591,0.5004367991694603
MBPP/215,code_3,0.0025311193894594908,0.0017948325257748365,0.5001840717076054
MBPP/215,code_4,0.0021171774715185165,0.0015611087437719107,0.5001390171783545
MBPP/215,code_5,0.00287588476203382,0.001690645469352603,0.5002963097884825
MBPP/215,code_6,0.0036260236520320177,0.0013870776165276766,0.5005597362750519
MBPP/215,code_7,0.0020841965451836586,0.0015011904761195183,0.5001457515131377
MBPP/215,code_8,0.004144307225942612,0.0015853388467803597,0.5006397417456878
MBPP/215,code_9,0.0036260236520320177,0.0013870776165276766,0.5005597362750519
MBPP/215,code_10,0.0021171774715185165,0.0015611087437719107,0.5001390171783545
MBPP/242,code_1,0.0029362523928284645,0.0010886589298024774,0.5004618982343618
MBPP/242,code_2,0.0029765390790998936,0.001352153834886849,0.5004060962217585
MBPP/242,code_3,0.0029953152406960726,0.0011192674282938242,0.5004690118155412
MBPP/242,code_4,0.002963456092402339,0.001573879853822291,0.5003473940037457
MBPP/242,code_5,0.0034187291748821735,0.0014703772030770779,0.5004870878388661
MBPP/242,code_6,0.0012473126407712698,0.0007448043907061219,0.5001256270598727
MBPP/242,code_7,0.0024489762727171183,0.001352453138679266,0.5002741307560423
MBPP/242,code_8,0.0037548919208347797,0.0016023912467062473,0.5005381249607594
MBPP/242,code_9,0.002913334872573614,0.0014649167424067855,0.5003621044692365
MBPP/242,code_10,0.0025893356651067734,0.001149010844528675,0.5003600811428945
MBPP/244,code_1,0.004517367575317621,0.0017416004557162523,0.5006939413343391
MBPP/244,code_2,0.0048067388124763966,0.0018387415912002325,0.5007419987606297
MBPP/244,code_3,0.004127487540245056,0.002261676359921694,0.500466452659761
MBPP/244,code_4,0.003055328270420432,0.001972668105736375,0.5002706650147326
MBPP/244,code_5,0.00484849838539958,0.0021347650326788425,0.5006784329218289
MBPP/244,code_6,0.004837635904550552,0.00167184229940176,0.5007914477402802
MBPP/244,code_7,0.0038475599139928818,0.0021414896473288536,0.5004265174632115
MBPP/244,code_8,0.004341332241892815,0.002200080081820488,0.5005353128354857
MBPP/244,code_9,0.005333445966243744,0.0022407486103475094,0.5007731737227047
MBPP/244,code_10,0.005337407346814871,0.002482124837115407,0.5007138201424652
MBPP/253,code_1,0.0049686976708471775,0.001961030764505267,0.5007519161597623
MBPP/253,code_2,0.004008796997368336,0.0019690548069775105,0.5005099353707969
MBPP/253,code_3,0.0033023220021277666,0.0019262273563072085,0.5003440236071671
MBPP/253,code_4,0.003933632746338844,0.0019021803745999932,0.5005078629182808
MBPP/253,code_5,0.0034145477693527937,0.0019761885050684214,0.5003595897540756
MBPP/253,code_6,0.0043350751511752605,0.0021969089284539223,0.500534541352031
MBPP/253,code_7,0.0033993336837738752,0.0015442168805748224,0.5004637790677935
MBPP/253,code_8,0.0036285079549998045,0.002067461609840393,0.5003902615070387
MBPP/253,code_9,0.004259845241904259,0.0021757162176072598,0.5005210320674783
MBPP/253,code_10,0.004384305793792009,0.001841984922066331,0.5006355798755978
MBPP/270,code_1,0.005088672507554293,0.0020721349865198135,0.5007541338084054
MBPP/270,code_2,0.0049517396837472916,0.0013858331367373466,0.5008914756921087
MBPP/270,code_3,0.004535966087132692,0.0017216583946719766,0.5007035764587354
MBPP/270,code_4,0.005063922144472599,0.0020460095256567,0.5007544775820684
MBPP/270,code_5,0.004226569086313248,0.0028375843539834023,0.5003472461272547
MBPP/270,code_6,0.004055009223520756,0.0016903794603422284,0.5005911571653413
MBPP/270,code_7,0.0036978113930672407,0.0018163039349019527,0.5004703767257774
MBPP/270,code_8,0.0041613494977355,0.002210075967013836,0.5004878182279011
MBPP/270,code_9,0.003725145012140274,0.0020412111189216375,0.5004209833738252
MBPP/270,code_10,0.0031313421204686165,0.001574537600390613,0.5003892010514126
MBPP/271,code_1,0.004022634122520685,0.0030364436097443104,0.500246547608212
MBPP/271,code_2,0.005079369526356459,0.001755382982082665,0.5008309958709369
MBPP/271,code_3,0.003726156195625663,0.0019031345145776868,0.5004557552940404
MBPP/271,code_4,0.003941433038562536,0.0031670306343585253,0.5001936005913759
MBPP/271,code_5,0.00526655837893486,0.002127881860360503,0.5007846684854773
MBPP/271,code_6,0.005220514722168446,0.002142495010048151,0.5007695043204934
MBPP/271,code_7,0.0036922639701515436,0.0019609464798122644,0.5004328292644691
MBPP/271,code_8,0.003347759135067463,0.001300798961892724,0.5005117398646093
MBPP/271,code_9,0.00541836628690362,0.0017183368327096105,0.5009250063082539
MBPP/271,code_10,0.004188898950815201,0.0018880843417719007,0.5005752033985124
MBPP/274,code_1,0.005232066381722689,0.0024522203020751476,0.5006949610723834
MBPP/274,code_2,0.005109160672873259,0.0026713863480836153,0.5006094432793836
MBPP/274,code_3,0.004116794094443321,0.0024775301571935415,0.5004098158925414
MBPP/274,code_4,0.005004456266760826,0.003386184573173523,0.5004045678351066
MBPP/274,code_5,0.003730971598997712,0.0012793551431968808,0.5006129038069659
MBPP/274,code_6,0.003143122186884284,0.0010947532719001174,0.5005120920496924
MBPP/274,code_7,0.0029678181745111942,0.001772165298461914,0.5002989131834021
MBPP/274,code_8,0.003642880590632558,0.0017073837807402015,0.5004838740514178
MBPP/274,code_9,0.0033291096333414316,0.0014096336672082543,0.500479868844198
MBPP/274,code_10,0.0026811263523995876,0.0012084782356396317,0.5003681619626541
MBPP/277,code_1,0.005113258957862854,0.004140843637287617,0.5002431038109874
MBPP/277,code_2,0.0058466107584536076,0.003254129085689783,0.5006481200551919
MBPP/277,code_3,0.004266679286956787,0.0036781071685254574,0.5001471430253602
MBPP/277,code_4,0.005552252288907766,0.0036129194777458906,0.5004848330508352
MBPP/277,code_5,0.00459288340061903,0.0033340759109705687,0.5003147018308558
MBPP/277,code_6,0.004251232836395502,0.004632731433957815,0.49990462535176616
MBPP/277,code_7,0.004213725682348013,0.004213725682348013,0.5
MBPP/277,code_8,0.0035518649965524673,0.00425102561712265,0.49982520985197765
MBPP/277,code_9,0.004267048556357622,0.004200894385576248,0.5000165385426893
MBPP/277,code_10,0.004048592410981655,0.003833130234852433,0.5000538655438238
MBPP/309,code_1,0.004651128780096769,0.0013430222170427442,0.5008270258865457
MBPP/309,code_2,0.005602858029305935,0.0014166244072839618,0.5010465568771358
MBPP/309,code_3,0.005586405750364065,0.0011086560552939773,0.5011194355533553
MBPP/309,code_4,0.003758440027013421,0.0015185470692813396,0.500559973005312
MBPP/309,code_5,0.004577456042170525,0.0013637059601023793,0.5008034368290131
MBPP/309,code_6,0.003987966105341911,0.001586303347721696,0.5006004154008062
MBPP/309,code_7,0.004127977881580591,0.0012013099621981382,0.5007316664575954
MBPP/309,code_8,0.00336840795353055,0.0021578832529485226,0.50030263113819
MBPP/309,code_9,0.003556079464033246,0.001994779799133539,0.5003903248369351
MBPP/309,code_10,0.002318831393495202,0.0007889426196925342,0.5003824721188507
MBPP/314,code_1,0.001972726546227932,0.0022179961670190096,0.49993868259510965
MBPP/314,code_2,0.001879531191661954,0.001632964937016368,0.5000616415633491
MBPP/314,code_3,0.0019605490379035473,0.0017712084809318185,0.5000473351391016
MBPP/314,code_4,0.001891141408123076,0.0017904967535287142,0.5000251611636273
MBPP/314,code_5,0.0018529724329710007,0.00146582187153399,0.5000967876391503
MBPP/314,code_6,0.0016252136556431651,0.0014230846427381039,0.5000505322530542
MBPP/314,code_7,0.001902679679915309,0.0014934304635971785,0.5001023123026516
MBPP/314,code_8,0.0016252136556431651,0.0014230846427381039,0.5000505322530542
MBPP/314,code_9,0.001902679679915309,0.0014934304635971785,0.5001023123026516
MBPP/314,code_10,0.0016252136556431651,0.0014230846427381039,0.5000505322530542
MBPP/316,code_1,0.002678292104974389,0.00171577837318182,0.500240628414371
MBPP/316,code_2,0.00461233826354146,0.003170010866597295,0.5003605817867259
MBPP/316,code_3,0.004557371139526367,0.002700153272598982,0.500464304333273
MBPP/316,code_4,0.004602860193699598,0.002350911032408476,0.500562987052401
MBPP/316,code_5,0.0030690261628478765,0.0032163120340555906,0.49996317853226463
MBPP/316,code_6,0.004465428180992603,0.0026873419992625713,0.5004445214283162
MBPP/316,code_7,0.004313184879720211,0.0025755201932042837,0.5004344160623198
MBPP/316,code_8,0.004795655142515898,0.0024303197860717773,0.5005913335634111
MBPP/316,code_9,0.004896142985671759,0.0018153173150494695,0.5007702058084559
MBPP/316,code_10,0.004072505980730057,0.0019693351350724697,0.5005257925176017
MBPP/331,code_1,0.0035971743054687977,0.0021648176480084658,0.5003580891031425
MBPP/331,code_2,0.0038290696684271097,0.0017946488223969936,0.5005086050360867
MBPP/331,code_3,0.004023935180157423,0.002055225195363164,0.5004921773372327
MBPP/331,code_4,0.003576666349545121,0.0021026136819273233,0.5003685131001779
MBPP/331,code_5,0.0036281379871070385,0.0020193627569824457,0.5004021937207861
MBPP/331,code_6,0.004046757705509663,0.0018672720761969686,0.5005448711916428
MBPP/331,code_7,0.003302698489278555,0.0016737261321395636,0.5004072429992313
MBPP/331,code_8,0.003780021332204342,0.0014802776277065277,0.5005749356727301
MBPP/331,code_9,0.0033122231252491474,0.002312304452061653,0.5002499796474685
MBPP/331,code_10,0.003887191880494356,0.0017384596867486835,0.5005371828417532
MBPP/340,code_1,0.0033227954991161823,0.0020956608932465315,0.5003067836129697
MBPP/340,code_2,0.0033101269509643316,0.001664436305873096,0.5004114225684183
MBPP/340,code_3,0.0026585510931909084,0.0019602926913648844,0.5001745645933638
MBPP/340,code_4,0.0028188368305563927,0.0025071254931390285,0.5000779278337233
MBPP/340,code_5,0.0031383284367620945,0.0018021903233602643,0.5003340344786554
MBPP/340,code_6,0.0031024718191474676,0.002492906292900443,0.5001523913768431
MBPP/340,code_7,0.003900098381564021,0.0021370775066316128,0.5004407551045686
MBPP/340,code_8,0.0029416114557534456,0.0014562031719833612,0.5003713520026621
MBPP/340,code_9,0.0027766404673457146,0.0016195999924093485,0.5002892600864637
MBPP/340,code_10,0.003047473030164838,0.0017228851793333888,0.5003311469142906
MBPP/344,code_1,0.0027434255462139845,0.0018132934346795082,0.500232533011119
MBPP/344,code_2,0.002755292458459735,0.002776902401819825,0.49999459751416014
MBPP/344,code_3,0.0031905737705528736,0.002280200133100152,0.5002275933936444
MBPP/344,code_4,0.0024495304096490145,0.002411553869023919,0.5000094941351552
MBPP/344,code_5,0.0025469905231148005,0.0022831077221781015,0.5000659706998514
MBPP/344,code_6,0.0027689251583069563,0.0026011646259576082,0.5000419401329891
MBPP/344,code_7,0.003286918858066201,0.0019322800217196345,0.5003386596572985
MBPP/344,code_8,0.0022173412144184113,0.001838240190409124,0.5000947752548672
MBPP/344,code_9,0.0030308386776596308,0.0025126535911113024,0.5001295462687384
MBPP/344,code_10,0.002755292458459735,0.002776902401819825,0.49999459751416014
MBPP/346,code_1,0.00241044326685369,0.0016827605431899428,0.5001819206728882
MBPP/346,code_2,0.0022235652431845665,0.0013381651369854808,0.5002213500120894
MBPP/346,code_3,0.0018551712855696678,0.0016500235069543123,0.500051286944474
MBPP/346,code_4,0.002046318259090185,0.0019989153370261192,0.5000118507305137
MBPP/346,code_5,0.0027339793741703033,0.002214043866842985,0.5001299838739036
MBPP/346,code_6,0.002239430556073785,0.0015633744187653065,0.5001690140278897
MBPP/346,code_7,0.002762489253655076,0.002237132051959634,0.500131339297403
MBPP/346,code_8,0.002724010031670332,0.0022059704642742872,0.5001295098889528
MBPP/346,code_9,0.0022073073778301477,0.00148191605694592,0.5001813478222691
MBPP/346,code_10,0.002239430556073785,0.0015633744187653065,0.5001690140278897
MBPP/367,code_1,0.0013329160865396261,0.0016459317412227392,0.4999217460869682
MBPP/367,code_2,0.0012039805296808481,0.00176552077755332,0.49985961494172076
MBPP/367,code_3,0.0013659032993018627,0.0016605161363258958,0.49992634679127673
MBPP/367,code_4,0.0012561187613755465,0.0018276420887559652,0.4998571191720441
MBPP/367,code_5,0.001251992303878069,0.0015703501412644982,0.49992041054132563
MBPP/367,code_6,0.0012759106466546655,0.0016003504861146212,0.49991889004084644
MBPP/367,code_7,0.0013511328725144267,0.0017622093437239528,0.49989723088364485
MBPP/367,code_8,0.0012491304660215974,0.0018033302621915936,0.49986145005450366
MBPP/367,code_9,0.0012914579128846526,0.0016712708165869117,0.49990504677521586
MBPP/367,code_10,0.001272036344744265,0.0018363988492637873,0.49985890937761496
MBPP/373,code_1,0.005565288942307234,0.0014631790108978748,0.5010255260447828
MBPP/373,code_2,0.006380938924849033,0.0019613399636000395,0.5011048979418284
MBPP/373,code_3,0.0037484201602637768,0.002273531863465905,0.5003687220073596
MBPP/373,code_4,0.003998067229986191,0.0016536725452169776,0.5005860984027501
MBPP/373,code_5,0.00439187977463007,0.001979575026780367,0.5006030758945103
MBPP/373,code_6,0.0035637356340885162,0.00190753024071455,0.5004140512536978
MBPP/373,code_7,0.004681872669607401,0.0016693731304258108,0.5007531243152356
MBPP/373,code_8,0.0042196642607450485,0.0019019517349079251,0.5005794278720789
MBPP/373,code_9,0.004515408538281918,0.002019415609538555,0.5006239979082279
MBPP/373,code_10,0.006042728200554848,0.0020720597822219133,0.5009926658003689
MBPP/386,code_1,0.002532919868826866,0.001942056929692626,0.500147715730486
MBPP/386,code_2,0.0028049484826624393,0.002052144380286336,0.500188201016706
MBPP/386,code_3,0.0030017837416380644,0.0022658654488623142,0.5001839795648907
MBPP/386,code_4,0.0028054367285221815,0.0022192830219864845,0.5001465384224383
MBPP/386,code_5,0.0028245041612535715,0.0023971255868673325,0.5001068446419702
MBPP/386,code_6,0.002852152567356825,0.0027860826812684536,0.500016517471516
MBPP/386,code_7,0.0031261234544217587,0.0025514676235616207,0.5001436639537615
MBPP/386,code_8,0.002833086298778653,0.002423267113044858,0.5001024547949995
MBPP/386,code_9,0.0028569907881319523,0.002424696460366249,0.5001080735802584
MBPP/386,code_10,0.003049044869840145,0.002690772758796811,0.5000895680268028
MBPP/388,code_1,0.002886188216507435,0.0009370081825181842,0.5004872948542156
MBPP/388,code_2,0.0024845809675753117,0.0008519662078469992,0.5004081535992733
MBPP/388,code_3,0.0042041693814098835,0.0007899400661699474,0.5008535564996538
MBPP/388,code_4,0.0027762094978243113,0.001166373142041266,0.500402459002029
MBPP/388,code_5,0.002757525769993663,0.0011952988570556045,0.5003905566488034
MBPP/388,code_6,0.0026795263402163982,0.001316139125265181,0.5003408467509399
MBPP/388,code_7,0.0033488404005765915,0.0009822117863222957,0.5005916568774113
MBPP/388,code_8,0.003541002981364727,0.0007539230864495039,0.5006967695226975
MBPP/388,code_9,0.002694574184715748,0.0011680114548653364,0.5003816406083482
MBPP/388,code_10,0.0029240602161735296,0.001109848148189485,0.5004535528925953
MBPP/390,code_1,0.0033519251737743616,0.001698673004284501,0.500413312948232
MBPP/390,code_2,0.00383714004419744,0.0020378895569592714,0.5004498125004613
MBPP/390,code_3,0.003134805941954255,0.002991252578794956,0.5000358883407282
MBPP/390,code_4,0.003918895032256842,0.0017526382580399513,0.5005415639817725
MBPP/390,code_5,0.003307189093902707,0.0018991586985066533,0.500352007540693
MBPP/390,code_6,0.0038803541101515293,0.0032421571668237448,0.5001595492304166
MBPP/390,code_7,0.0037826444022357464,0.00155239412561059,0.5005575623380459
MBPP/390,code_8,0.0033699919003993273,0.0030684128869324923,0.5000753947527953
MBPP/390,code_9,0.004016194958239794,0.0021497139241546392,0.5004666201230556
MBPP/390,code_10,0.0025028048548847437,0.0015180279733613133,0.5002461942004844
MBPP/402,code_1,0.00270936475135386,0.0015437494730576873,0.5002914037865809
MBPP/402,code_2,0.0028897509910166264,0.0013650218024849892,0.5003811822232852
MBPP/402,code_3,0.002047767862677574,0.0009825298329815269,0.5002663094822415
MBPP/402,code_4,0.00217518606223166,0.0008926946320571005,0.5003206228135973
MBPP/402,code_5,0.0022106124088168144,0.0013726005563512444,0.500209502950856
MBPP/402,code_6,0.002911939984187484,0.0016721864230930805,0.5003099383505759
MBPP/402,code_7,0.002475838642567396,0.0008623377652838826,0.5004033751318092
MBPP/402,code_8,0.0022106124088168144,0.0013726005563512444,0.500209502950856
MBPP/402,code_9,0.00276396912522614,0.0016122089000418782,0.5002879400244654
MBPP/402,code_10,0.002475838642567396,0.0008623377652838826,0.5004033751318092
MBPP/414,code_1,0.0037447866052389145,0.0025141306687146425,0.500307663945301
MBPP/414,code_2,0.003340630792081356,0.003089578589424491,0.5000627630503345
MBPP/414,code_3,0.003795073600485921,0.0029787872917950153,0.5002040715658412
MBPP/414,code_4,0.00482883770018816,0.002729977248236537,0.5005247149203643
MBPP/414,code_5,0.0029414035379886627,0.0036321484949439764,0.49982731376762735
MBPP/414,code_6,0.004454858135432005,0.0033890772610902786,0.5002664451933644
MBPP/414,code_7,0.00262336153537035,0.00369953247718513,0.4997309572905121
MBPP/414,code_8,0.0029584872536361217,0.0034319052938371897,0.49988164549216024
MBPP/414,code_9,0.0031859450973570347,0.0031859450973570347,0.5
MBPP/414,code_10,0.0035849574487656355,0.0023510726168751717,0.500308471168836
MBPP/428,code_1,0.0021721492521464825,0.0012184652732685208,0.500238420976649
MBPP/428,code_2,0.0020484800916165113,0.0011401508236303926,0.5002270823013835
MBPP/428,code_3,0.002075278665870428,0.0011641258606687188,0.5002277881855413
MBPP/428,code_4,0.0019445514772087336,0.001024706638418138,0.5002299611934832
MBPP/428,code_5,0.0020363011863082647,0.000977028044871986,0.5002648182605973
MBPP/428,code_6,0.001877674600109458,0.0009590223198756576,0.500229663053907
MBPP/428,code_7,0.001955753657966852,0.0010306097101420164,0.5002312859704598
MBPP/428,code_8,0.0020607186015695333,0.0010043139336630702,0.5002641011424154
MBPP/428,code_9,0.0019506856333464384,0.0010523159289732575,0.5002245924109882
MBPP/428,code_10,0.0019719882402569056,0.001047315075993538,0.5002311682745947
MBPP/436,code_1,0.0031226600985974073,0.0012228513369336724,0.5004749520475632
MBPP/436,code_2,0.0033454876393079758,0.001708707888610661,0.50040919484632
MBPP/436,code_3,0.002680729376152158,0.0014016517670825124,0.5003197693586712
MBPP/436,code_4,0.002882556989789009,0.0013723029987886548,0.5003775634259857
MBPP/436,code_5,0.0022850600071251392,0.0012818025425076485,0.5002508143451169
MBPP/436,code_6,0.0024228873662650585,0.00124719541054219,0.5002939229550744
MBPP/436,code_7,0.002949148416519165,0.0013714813394472003,0.5003944166874583
MBPP/436,code_8,0.002278991974890232,0.0012684500543400645,0.5002526354586384
MBPP/436,code_9,0.0031142469961196184,0.0017883615801110864,0.5003314713054423
MBPP/436,code_10,0.0033211582340300083,0.0019987081177532673,0.5003306124808858
MBPP/455,code_1,0.003713863668963313,0.0016739694401621819,0.5005099733803599
MBPP/455,code_2,0.0032352006528526545,0.0013381370808929205,0.5004742657507556
MBPP/455,code_3,0.0034693931229412556,0.002518509281799197,0.5002377209423735
MBPP/455,code_4,0.0032282399479299784,0.003056436078622937,0.5000429509672211
MBPP/455,code_5,0.003957814071327448,0.002457462716847658,0.500375087768258
MBPP/455,code_6,0.004651686642318964,0.0015703403623774648,0.5007703359604767
MBPP/455,code_7,0.0036680290941148996,0.0021228922996670008,0.5003862841217592
MBPP/455,code_8,0.003945592325180769,0.0016192678594961762,0.5005815808541386
MBPP/455,code_9,0.004461891483515501,0.0026643171440809965,0.5004493934638492
MBPP/455,code_10,0.004288156982511282,0.002368145389482379,0.5004800027507986
MBPP/459,code_1,0.0038584715221077204,0.0018226128304377198,0.5005089644971246
MBPP/459,code_2,0.0036723120138049126,0.0015549547970294952,0.5005293391064328
MBPP/459,code_3,0.0030990070663392544,0.001534119714051485,0.5003912217582343
MBPP/459,code_4,0.003019004827365279,0.001949216122739017,0.50026744715065
MBPP/459,code_5,0.0052255732007324696,0.0016315034590661526,0.5008985164682135
MBPP/459,code_6,0.0030023420695215464,0.0016580508090555668,0.5003360727645063
MBPP/459,code_7,0.002796000801026821,0.0013415358262136579,0.5003636161796018
MBPP/459,code_8,0.002911348594352603,0.0013539028586819768,0.5003893613552136
MBPP/459,code_9,0.0025496005546301603,0.0013227154267951846,0.5003067212434845
MBPP/459,code_10,0.0024568133521825075,0.0014218945289030671,0.500258729682727
MBPP/460,code_1,0.004043487831950188,0.0015589033719152212,0.5006211457954728
MBPP/460,code_2,0.004276688676327467,0.0016359792789444327,0.500660176965709
MBPP/460,code_3,0.004257564898580313,0.0022087956313043833,0.5005121921376603
MBPP/460,code_4,0.003393417689949274,0.0014941015979275107,0.5004748288802638
MBPP/460,code_5,0.0038165326695889235,0.0016160216182470322,0.5005501275408476
MBPP/460,code_6,0.003531207563355565,0.0015426703030243516,0.5004971341512655
MBPP/460,code_7,0.0034153107553720474,0.0016775442054495215,0.5004344415281523
MBPP/460,code_8,0.0033332870807498693,0.0019141457742080092,0.5003547852670918
MBPP/460,code_9,0.004381274804472923,0.00210215849801898,0.5005697788299767
MBPP/460,code_10,0.004021244123578072,0.0017160562565550208,0.5005762967115577
MBPP/467,code_1,0.003186045214533806,0.001577206770889461,0.5004022095241558
MBPP/467,code_2,0.0035702213644981384,0.001699679996818304,0.5004676352055681
MBPP/467,code_3,0.0040580653585493565,0.0013806872302666306,0.5006693441322294
MBPP/467,code_4,0.003885718062520027,0.0018354832427576184,0.5005125585253972
MBPP/467,code_5,0.0033749013673514128,0.0020792162977159023,0.5003239212220923
MBPP/467,code_6,0.003111236495897174,0.001380602945573628,0.5004326582795932
MBPP/467,code_7,0.0036395632196217775,0.001553175039589405,0.5005215968557981
MBPP/467,code_8,0.0028592266608029604,0.0014377094339579344,0.5003553792468681
MBPP/467,code_9,0.0036138559225946665,0.0015064793406054378,0.5005268439505196
MBPP/467,code_10,0.003242462407797575,0.0014501188416033983,0.5004480857715924
MBPP/475,code_1,0.003915640991181135,0.0011942030396312475,0.5006803590679798
MBPP/475,code_2,0.0032946839928627014,0.001496677752584219,0.5004495014389729
MBPP/475,code_3,0.0034004247281700373,0.0012706458801403642,0.5005324445107453
MBPP/475,code_4,0.0034832917153835297,0.0015823565190657973,0.5004752336559725
MBPP/475,code_5,0.002512018196284771,0.001205279491841793,0.5003266846296245
MBPP/475,code_6,0.0037625229451805353,0.0017361192731186748,0.5005066007446605
MBPP/475,code_7,0.002801470924168825,0.0022335276007652283,0.5001419858270343
MBPP/475,code_8,0.00192897894885391,0.0010406060609966516,0.5002220932073579
MBPP/475,code_9,0.0023235599510371685,0.0017267230432480574,0.500149209222518
MBPP/475,code_10,0.00221885833889246,0.0017690281383693218,0.5001124575482344
MBPP/476,code_1,0.0057475371286273,0.003798890160396695,0.5004871615879025
MBPP/476,code_2,0.004040172789245844,0.0026496099308133125,0.5003476406585897
MBPP/476,code_3,0.005205657333135605,0.0036341347731649876,0.5003928805591351
MBPP/476,code_4,0.004520408343523741,0.001990308752283454,0.5006325245603896
MBPP/476,code_5,0.003681422211229801,0.002433271612972021,0.5003120376090546
MBPP/476,code_6,0.004334196448326111,0.002528114477172494,0.5004515203700526
MBPP/476,code_7,0.0052426657639443874,0.0026568537577986717,0.5006464526413318
MBPP/476,code_8,0.003515983931720257,0.0024545525666326284,0.5002653578163584
MBPP/476,code_9,0.0038731922395527363,0.0023676350247114897,0.5003763892326134
MBPP/476,code_10,0.0044424282386898994,0.002491976600140333,0.5004876127550536
MBPP/477,code_1,0.0033863550052046776,0.0019752434454858303,0.5003527778313911
MBPP/477,code_2,0.0032688663341104984,0.0019826677162200212,0.5003215496101442
MBPP/477,code_3,0.0031761997379362583,0.0022699276451021433,0.5002265680077013
MBPP/477,code_4,0.0029914637561887503,0.0015763906994834542,0.5003537682051433
MBPP/477,code_5,0.0031366676557809114,0.0019174064509570599,0.5003048152634445
MBPP/477,code_6,0.002945014974102378,0.0017723412020131946,0.5002931684094261
MBPP/477,code_7,0.0029015413019806147,0.0015530830714851618,0.5003371145065415
MBPP/477,code_8,0.0027911392971873283,0.0015535029815509915,0.5003094090394145
MBPP/477,code_9,0.002969523426145315,0.0017456928035244346,0.5003059576174675
MBPP/477,code_10,0.002824996365234256,0.0013875915901735425,0.500359351131893
MBPP/485,code_1,0.0037410578224807978,0.0020660085137933493,0.5004187622292586
MBPP/485,code_2,0.0038455596659332514,0.0021571635734289885,0.5004220989228536
MBPP/485,code_3,0.0033401467371731997,0.0018736524507403374,0.500366623505903
MBPP/485,code_4,0.004314023535698652,0.0019444829085841775,0.5005923848796057
MBPP/485,code_5,0.003780075814574957,0.002222192008048296,0.5003894708728611
MBPP/485,code_6,0.0029847605619579554,0.0020354297012090683,0.5002373326973629
MBPP/485,code_7,0.0038240498397499323,0.0020790998823940754,0.5004362373786492
MBPP/485,code_8,0.003848426742479205,0.001890283660031855,0.5004895356141921
MBPP/485,code_9,0.003735572099685669,0.002095466013997793,0.5004100264295095
MBPP/485,code_10,0.0038801173213869333,0.0029983222484588623,0.5002204487539477
MBPP/492,code_1,0.0034784378949552774,0.001997498795390129,0.5003702347072254
MBPP/492,code_2,0.0016425303183495998,0.001460896572098136,0.500045408436438
MBPP/492,code_3,0.0023876626510173082,0.0025816787965595722,0.49995149596376653
MBPP/492,code_4,0.0023117626551538706,0.0029916430357843637,0.4998300299113896
MBPP/492,code_5,0.0025596602354198694,0.0025003657210618258,0.5000148236285851
MBPP/492,code_6,0.003014838322997093,0.0030384839046746492,0.49999408860458094
MBPP/492,code_7,0.002717684954404831,0.0018245673272758722,0.5002232793919404
MBPP/492,code_8,0.0027520509902387857,0.004004210699349642,0.4996869601136236
MBPP/492,code_9,0.0028926371596753597,0.0027601735200732946,0.500033115909852
MBPP/492,code_10,0.0023741181939840317,0.0028193353209644556,0.49988869572009337
MBPP/505,code_1,0.002557379426434636,0.001730409567244351,0.5002067424530152
MBPP/505,code_2,0.0031876876018941402,0.0015657395124435425,0.5004054869334693
MBPP/505,code_3,0.003125020768493414,0.0025110247079283,0.5001534990103189
MBPP/505,code_4,0.0032064085826277733,0.001798632089048624,0.5003519440652703
MBPP/505,code_5,0.003086487762629986,0.0020084159914404154,0.5002695179166937
MBPP/505,code_6,0.002324736677110195,0.0014776925090700388,0.5002117610293488
MBPP/505,code_7,0.002907821675762534,0.002885192632675171,0.5000056572607716
MBPP/505,code_8,0.002644337248057127,0.0011826206464320421,0.5003654290853412
MBPP/505,code_9,0.0025864727795124054,0.001450879848562181,0.5002838982022286
MBPP/505,code_10,0.00272228941321373,0.0011526899179443717,0.5003923997932562
MBPP/509,code_1,0.002532132901251316,0.0012732363538816571,0.5003147240952772
MBPP/509,code_2,0.0026342778000980616,0.0012060602894052863,0.5003570543169799
MBPP/509,code_3,0.0039917477406561375,0.0035227045882493258,0.5001172607859519
MBPP/509,code_4,0.0027828591410070658,0.0020680453162640333,0.5001787034485766
MBPP/509,code_5,0.003075530519708991,0.0027141461614519358,0.500090346088581
MBPP/509,code_6,0.002478322945535183,0.0023648322094231844,0.5000283726839976
MBPP/509,code_7,0.0039917477406561375,0.0035227045882493258,0.5001172607859519
MBPP/509,code_8,0.0030582239851355553,0.0016242105048149824,0.5003585033086448
MBPP/509,code_9,0.0039917477406561375,0.0035227045882493258,0.5001172607859519
MBPP/509,code_10,0.0030582239851355553,0.0016242105048149824,0.5003585033086448
MBPP/511,code_1,0.0020664087496697903,0.0019412112887948751,0.5000312993651779
MBPP/511,code_2,0.0020664087496697903,0.0019412112887948751,0.5000312993651779
MBPP/511,code_3,0.0020664087496697903,0.0019412112887948751,0.5000312993651779
MBPP/511,code_4,0.0020664087496697903,0.0019412112887948751,0.5000312993651779
MBPP/511,code_5,0.0020664087496697903,0.0019412112887948751,0.5000312993651779
MBPP/511,code_6,0.0020664087496697903,0.0019412112887948751,0.5000312993651779
MBPP/511,code_7,0.0020664087496697903,0.0019412112887948751,0.5000312993651779
MBPP/511,code_8,0.0020664087496697903,0.0019412112887948751,0.5000312993651779
MBPP/511,code_9,0.0020664087496697903,0.0019412112887948751,0.5000312993651779
MBPP/511,code_10,0.0020664087496697903,0.0019412112887948751,0.5000312993651779
MBPP/556,code_1,0.0031342727597802877,0.0020878759678453207,0.5002615991741141
MBPP/556,code_2,0.0035327058285474777,0.0023717465810477734,0.5002902397792756
MBPP/556,code_3,0.003842085599899292,0.0018434528028592467,0.500499658032935
MBPP/556,code_4,0.0033023192081600428,0.0022344610188156366,0.5002669645219673
MBPP/556,code_5,0.004453991539776325,0.0028311291243880987,0.5004057155148032
MBPP/556,code_6,0.004411832895129919,0.0025935827288776636,0.5004545624163299
MBPP/556,code_7,0.0029759567696601152,0.0023726397193968296,0.5001508292579907
MBPP/556,code_8,0.0032797714229673147,0.002036456251516938,0.5003108287528218
MBPP/556,code_9,0.0028931349515914917,0.0020197336561977863,0.500218350309968
MBPP/556,code_10,0.0034033937845379114,0.0023391160648316145,0.5002660694048122
MBPP/561,code_1,0.004382798448204994,0.0021866592578589916,0.5005490345769192
MBPP/561,code_2,0.0034388480708003044,0.0024769091978669167,0.5002404846996894
MBPP/561,code_3,0.003835526295006275,0.0021684099920094013,0.5004167789792205
MBPP/561,code_4,0.0027357630897313356,0.0016986739356070757,0.5002592722652927
MBPP/561,code_5,0.0034682941623032093,0.002346765249967575,0.5002803821986945
MBPP/561,code_6,0.003245340893045068,0.001594057772308588,0.5004128206863797
MBPP/561,code_7,0.0033179742749780416,0.001996791921555996,0.5003302955403107
MBPP/561,code_8,0.003446310292929411,0.002010214840993285,0.5003590238012807
MBPP/561,code_9,0.0030772974714636803,0.001767143257893622,0.5003275385065409
MBPP/561,code_10,0.0031138043850660324,0.001979254651814699,0.500283637402888
MBPP/562,code_1,0.005548306740820408,0.0011449579615145922,0.5011008354161081
MBPP/562,code_2,0.0051870038732886314,0.0022660342510789633,0.5007302418863465
MBPP/562,code_3,0.0045273564755916595,0.0016142785316333175,0.5007282689709808
MBPP/562,code_4,0.004237305838614702,0.002181178191676736,0.5005140317306386
MBPP/562,code_5,0.0057440102100372314,0.0018648072145879269,0.5009697995327166
MBPP/562,code_6,0.005468375515192747,0.0018174221040681005,0.5009127373389234
MBPP/562,code_7,0.004459527786821127,0.0024436195380985737,0.5005039768915053
MBPP/562,code_8,0.0046514724381268024,0.001751760602928698,0.5007249274508473
MBPP/562,code_9,0.005391605198383331,0.0023189005441963673,0.5007681755591518
MBPP/562,code_10,0.0035170242190361023,0.0018246080726385117,0.5004231039356091
MBPP/563,code_1,0.005736212246119976,0.00299924798309803,0.5006842406386198
MBPP/563,code_2,0.0036422819830477238,0.0018314543412998319,0.5004527067867311
MBPP/563,code_3,0.005140704568475485,0.0025053792633116245,0.500658830944996
MBPP/563,code_4,0.005045817233622074,0.003929686266928911,0.5002790327127062
MBPP/563,code_5,0.004687786102294922,0.0034836670383810997,0.5003010297296064
MBPP/563,code_6,0.003423497313633561,0.0033704210072755814,0.5000132690765864
MBPP/563,code_7,0.003207214642316103,0.002989452797919512,0.500054440460884
MBPP/563,code_8,0.003354433225467801,0.0034609145950526,0.49997337965762895
MBPP/563,code_9,0.003131996374577284,0.00234575686044991,0.5001965598684062
MBPP/563,code_10,0.003525739535689354,0.0025001235771924257,0.5002564039671485
MBPP/565,code_1,0.00346052716486156,0.0015597818419337273,0.5004751861876681
MBPP/565,code_2,0.003907760605216026,0.0016546498518437147,0.5005632774500528
MBPP/565,code_3,0.004279828164726496,0.0019441996701061726,0.500583906858213
MBPP/565,code_4,0.004307267721742392,0.0012534863781183958,0.500763444742609
MBPP/565,code_5,0.0030025814194232225,0.003073785686865449,0.499982198933147
MBPP/565,code_6,0.003438721876591444,0.0014447153080254793,0.5004985014769687
MBPP/565,code_7,0.003325782949104905,0.00139726628549397,0.5004821290164758
MBPP/565,code_8,0.0030278535559773445,0.0011052167974412441,0.5004806590415697
MBPP/565,code_9,0.003063563723117113,0.0013073685113340616,0.5004390486901021
MBPP/565,code_10,0.0022928135003894567,0.0016385999042540789,0.5001635533932006
MBPP/566,code_1,0.0037369458004832268,0.0022665720898658037,0.5003675933614264
MBPP/566,code_2,0.0039049899205565453,0.002260034903883934,0.500411238661438
MBPP/566,code_3,0.004509625490754843,0.0014987802132964134,0.5007527107507425
MBPP/566,code_4,0.0040083033964037895,0.0022660891991108656,0.5004355534391532
MBPP/566,code_5,0.004343648906797171,0.0025336279068142176,0.5004525051264552
MBPP/566,code_6,0.0039049899205565453,0.002260034903883934,0.500411238661438
MBPP/566,code_7,0.004395263735204935,0.002504345728084445,0.5004727293609237
MBPP/566,code_8,0.0037369458004832268,0.0022665720898658037,0.5003675933614264
MBPP/566,code_9,0.0039049899205565453,0.002260034903883934,0.500411238661438
MBPP/566,code_10,0.004395263735204935,0.002504345728084445,0.5004727293609237
MBPP/567,code_1,0.005311105865985155,0.0028207069262862206,0.5006225994131401
MBPP/567,code_2,0.004423979204148054,0.0022245163563638926,0.5005498654902752
MBPP/567,code_3,0.004603956826031208,0.0026232553645968437,0.5004951752034702
MBPP/567,code_4,0.004510023631155491,0.003075568936765194,0.5003586136121054
MBPP/567,code_5,0.005339980591088533,0.0019340128637850285,0.5008514911086742
MBPP/567,code_6,0.005469964817166328,0.002837780397385359,0.5006580457250119
MBPP/567,code_7,0.004087219946086407,0.0017038066871464252,0.5005958530326652
MBPP/567,code_8,0.003883164143189788,0.0025268231984227896,0.5003390851842082
MBPP/567,code_9,0.003414602018892765,0.002765228971838951,0.5001623432560587
MBPP/567,code_10,0.003912573214620352,0.0026473794132471085,0.5003162984081514
MBPP/601,code_1,0.003000823548063636,0.0031203627586364746,0.4999701151973923
MBPP/601,code_2,0.002826520474627614,0.0031532112043350935,0.49991832731829955
MBPP/601,code_3,0.0030419796239584684,0.0024827911984175444,0.5001397971027425
MBPP/601,code_4,0.003409929107874632,0.002494757529348135,0.5002287928786631
MBPP/601,code_5,0.0030724441166967154,0.0025273237843066454,0.5001362800797228
MBPP/601,code_6,0.003409929107874632,0.002494757529348135,0.5002287928786631
MBPP/601,code_7,0.0030724441166967154,0.0025273237843066454,0.5001362800797228
MBPP/601,code_8,0.003409929107874632,0.002494757529348135,0.5002287928786631
MBPP/601,code_9,0.0030724441166967154,0.0025273237843066454,0.5001362800797228
MBPP/601,code_10,0.003409929107874632,0.002494757529348135,0.5002287928786631
MBPP/615,code_1,0.0037032582331448793,0.0018048238707706332,0.5004746084480507
MBPP/615,code_2,0.003677746746689081,0.002015239093452692,0.5004156268175788
MBPP/615,code_3,0.0029991245828568935,0.0016823564656078815,0.5003291919817473
MBPP/615,code_4,0.003060555085539818,0.003036737674847245,0.5000059543526729
MBPP/615,code_5,0.003543542930856347,0.0026128445751965046,0.5002326745721197
MBPP/615,code_6,0.0029974852222949266,0.0017759512411430478,0.5003053834573149
MBPP/615,code_7,0.002382891019806266,0.001676573185250163,0.5001765794512979
MBPP/615,code_8,0.003111027181148529,0.0016393960686400533,0.500367907711729
MBPP/615,code_9,0.004326654598116875,0.0018320209346711636,0.5006236580924325
MBPP/615,code_10,0.0028303954750299454,0.0023834318853914738,0.5001117408955493
MBPP/647,code_1,0.003929066937416792,0.00213619670830667,0.5004482174372157
MBPP/647,code_2,0.003938423469662666,0.0016417790902778506,0.500574160842475
MBPP/647,code_3,0.0021309168078005314,0.0011055050417780876,0.5002563529190434
MBPP/647,code_4,0.0023276633583009243,0.001016880851238966,0.5003276955798462
MBPP/647,code_5,0.0017908068839460611,0.0011562318541109562,0.5001586437521351
MBPP/647,code_6,0.001882985350675881,0.0013884261716157198,0.500123639792245
MBPP/647,code_7,0.0029843649826943874,0.001465870882384479,0.500379623452132
MBPP/647,code_8,0.002169401617720723,0.0010993991745635867,0.5002675005852675
MBPP/647,code_9,0.002004561247304082,0.0011511227348819375,0.5002133596151555
MBPP/647,code_10,0.001732214237563312,0.0011096980888396502,0.500155629032155
MBPP/662,code_1,0.0030278631020337343,0.0018508958164602518,0.5002942417874268
MBPP/662,code_2,0.003917786292731762,0.001765884575434029,0.5005379752217252
MBPP/662,code_3,0.0027687333058565855,0.0020736854057759047,0.500173761968025
MBPP/662,code_4,0.002757418667897582,0.0015958715230226517,0.5002903867535697
MBPP/662,code_5,0.0036049457266926765,0.001637620385736227,0.5004918311766084
MBPP/662,code_6,0.004714178387075663,0.0019651618786156178,0.5006872536943118
MBPP/662,code_7,0.0025079308543354273,0.001474336488172412,0.5002583985685365
MBPP/662,code_8,0.0037927678786218166,0.0021275498438626528,0.5004163044124905
MBPP/662,code_9,0.0029135083314031363,0.0017127632163465023,0.5003001862426971
MBPP/662,code_10,0.003307132516056299,0.0019747791811823845,0.5003330882844447
MBPP/664,code_1,0.0031898384913802147,0.0012589560355991125,0.5004827204639678
MBPP/664,code_2,0.0034683593548834324,0.0026180550921708345,0.5002125760528702
MBPP/664,code_3,0.003149490337818861,0.0011861089151352644,0.5004908451979924
MBPP/664,code_4,0.002673675073310733,0.0010718556586652994,0.5004004547680365
MBPP/664,code_5,0.0028329361230134964,0.0025000572204589844,0.5000832197248701
MBPP/664,code_6,0.002692268695682287,0.0012520212912932038,0.5003600617888573
MBPP/664,code_7,0.0038524444680660963,0.0019371308153495193,0.5004788282668003
MBPP/664,code_8,0.0035067261196672916,0.0017224459443241358,0.5004460699254913
MBPP/664,code_9,0.0024819648824632168,0.0016150454757735133,0.5002167298380987
MBPP/664,code_10,0.0024402900598943233,0.0016003813361749053,0.5002099771685858
MBPP/682,code_1,0.004374027717858553,0.0008748606196604669,0.500874790881959
MBPP/682,code_2,0.0039624483324587345,0.0005912705091759562,0.5008427936576362
MBPP/682,code_3,0.0049878014251589775,0.0006671613082289696,0.501080158348873
MBPP/682,code_4,0.003849715692922473,0.0005973321385681629,0.5008130951718455
MBPP/682,code_5,0.004374147392809391,0.000655258190818131,0.5009297212289837
MBPP/682,code_6,0.004050346557050943,0.001064883079379797,0.5007463653150556
MBPP/682,code_7,0.004136383533477783,0.0008806869154796004,0.5008139234355637
MBPP/682,code_8,0.00342293712310493,0.0010603764094412327,0.500590639903685
MBPP/682,code_9,0.005105333402752876,0.0013009546091780066,0.5009510935512723
MBPP/682,code_10,0.0034394117537885904,0.000940282887313515,0.5006247818914383
MBPP/687,code_1,0.004800612572580576,0.003299409756436944,0.5003753006335541
MBPP/687,code_2,0.003375392174348235,0.0025678628589957952,0.5002018823178674
MBPP/687,code_3,0.0033982328604906797,0.002585239475592971,0.5002032483350296
MBPP/687,code_4,0.004416921176016331,0.002420273143798113,0.5004991618422245
MBPP/687,code_5,0.003401855006814003,0.0025478715542703867,0.500213495850161
MBPP/687,code_6,0.00438319519162178,0.002401792909950018,0.5004953504083576
MBPP/687,code_7,0.003781185019761324,0.0019925443921238184,0.5004471600376952
MBPP/687,code_8,0.004150513559579849,0.002204321324825287,0.5004865479051154
MBPP/687,code_9,0.0036682947538793087,0.002482092473655939,0.5002965505352833
MBPP/687,code_10,0.0033858781680464745,0.002477161353453994,0.500227179188015
MBPP/700,code_1,0.0029551400803029537,0.0015331064350903034,0.5003555083513946
MBPP/700,code_2,0.0033185859210789204,0.002544448245316744,0.5001935344092753
MBPP/700,code_3,0.003575307782739401,0.001513880561105907,0.5005153566229085
MBPP/700,code_4,0.0032689939253032207,0.002300024265423417,0.5002422423960164
MBPP/700,code_5,0.0032984500285238028,0.0025488445535302162,0.5001874013599732
MBPP/700,code_6,0.002828796161338687,0.0012651159195229411,0.500390919980801
MBPP/700,code_7,0.0033667567186057568,0.0018304737750440836,0.5003840706603513
MBPP/700,code_8,0.0031349987257272005,0.0025190419983118773,0.5001539891769852
MBPP/700,code_9,0.002979998243972659,0.0027346001006662846,0.5000613495355187
MBPP/700,code_10,0.0033185859210789204,0.002544448245316744,0.5001935344092753
MBPP/701,code_1,0.0023323686327785254,0.0015177010791376233,0.500203666877146
MBPP/701,code_2,0.0022704002913087606,0.00156042177695781,0.5001774946211319
MBPP/701,code_3,0.0021777090150862932,0.0013734637759625912,0.5002010612989435
MBPP/701,code_4,0.0013538635103031993,0.0009751513134688139,0.500094678048077
MBPP/701,code_5,0.002260741079226136,0.0015906300395727158,0.5001675277536445
MBPP/701,code_6,0.00266263703815639,0.0018880923744291067,0.5001936361562513
MBPP/701,code_7,0.0024503383319824934,0.0020314014982432127,0.5001047342069029
MBPP/701,code_8,0.00266263703815639,0.0018880923744291067,0.5001936361562513
MBPP/701,code_9,0.0022704002913087606,0.00156042177695781,0.5001774946211319
MBPP/701,code_10,0.00266263703815639,0.0018880923744291067,0.5001936361562513
MBPP/703,code_1,0.006081723608076572,0.0018260645447298884,0.5010639131601586
MBPP/703,code_2,0.006437061820179224,0.0018015271052718163,0.5011588816035393
MBPP/703,code_3,0.0035407771356403828,0.002433538204059005,0.5002768097046152
MBPP/703,code_4,0.004466039594262838,0.0026667937636375427,0.5004498113363091
MBPP/703,code_5,0.008145706728100777,0.001603984972462058,0.5016354246067003
MBPP/703,code_6,0.004004042129963636,0.005602661985903978,0.49960034512112766
MBPP/703,code_7,0.004188836086541414,0.0037548483815044165,0.5001084969245564
MBPP/703,code_8,0.0062240250408649445,0.0017283492488786578,0.5011239170550306
MBPP/703,code_9,0.005756175611168146,0.0031295784283429384,0.5006566489181873
MBPP/703,code_10,0.006445009261369705,0.0023895823396742344,0.5010138553408944
MBPP/730,code_1,0.003213432850316167,0.0017471130704507232,0.5003665798792846
MBPP/730,code_2,0.0036468785256147385,0.0023916815407574177,0.5003137992050146
MBPP/730,code_3,0.004189333412796259,0.0017463740659877658,0.5006107395329584
MBPP/730,code_4,0.0034227275755256414,0.0014836426125839353,0.5004847710888385
MBPP/730,code_5,0.0039306515827775,0.0018422595458105206,0.5005220978194861
MBPP/730,code_6,0.0036131972447037697,0.0011019628727808595,0.500627808263052
MBPP/730,code_7,0.003040794050320983,0.0013813429977744818,0.5004148626679333
MBPP/730,code_8,0.0035881148651242256,0.00196612486615777,0.5004054974108414
MBPP/730,code_9,0.0034371078945696354,0.0013779099099338055,0.5005147993142505
MBPP/730,code_10,0.0038369125686585903,0.0021024548914283514,0.5004336143106025
MBPP/748,code_1,0.003294880734756589,0.00181960582267493,0.5003688186611278
MBPP/748,code_2,0.0038864247035235167,0.0014409493887796998,0.5006113685240029
MBPP/748,code_3,0.0031566577963531017,0.0010909116826951504,0.5005164363447652
MBPP/748,code_4,0.0039628539234399796,0.0013588679721578956,0.5006509961199674
MBPP/748,code_5,0.0039628539234399796,0.0013588679721578956,0.5006509961199674
MBPP/748,code_6,0.0038864247035235167,0.0014409493887796998,0.5006113685240029
MBPP/748,code_7,0.003294880734756589,0.00181960582267493,0.5003688186611278
MBPP/748,code_8,0.0038864247035235167,0.0014409493887796998,0.5006113685240029
MBPP/748,code_9,0.0031566577963531017,0.0010909116826951504,0.5005164363447652
MBPP/748,code_10,0.0039628539234399796,0.0013588679721578956,0.5006509961199674
MBPP/770,code_1,0.0027758644428104162,0.0009518477017991245,0.5004560040588243
MBPP/770,code_2,0.004373726900666952,0.0018090519588440657,0.5006411683840123
MBPP/770,code_3,0.002911526244133711,0.0013123276876285672,0.5003997995539212
MBPP/770,code_4,0.002958546159788966,0.001054902095347643,0.5004759108723907
MBPP/770,code_5,0.003673980012536049,0.0007883706712163985,0.5007214018347528
MBPP/770,code_6,0.0036310050636529922,0.0012353872880339622,0.5005989041574797
MBPP/770,code_7,0.0030977523420006037,0.001045755110681057,0.5005129991278231
MBPP/770,code_8,0.0035661058500409126,0.0011577450204640627,0.500602089916374
MBPP/770,code_9,0.002880573971197009,0.0007573362672701478,0.5005308092265683
MBPP/770,code_10,0.0027375270146876574,0.0009837509132921696,0.500438443912971
MBPP/772,code_1,0.0025163372047245502,0.001502573606558144,0.5002534408778361
MBPP/772,code_2,0.002708571730181575,0.0015312875621020794,0.5002943210080258
MBPP/772,code_3,0.0029992542695254087,0.0016053850995376706,0.500348467236078
MBPP/772,code_4,0.0024274755269289017,0.0014049150049686432,0.5002556401082147
MBPP/772,code_5,0.0028515122830867767,0.0014450759626924992,0.5003516090221399
MBPP/772,code_6,0.0025163372047245502,0.001502573606558144,0.5002534408778361
MBPP/772,code_7,0.0025163372047245502,0.001502573606558144,0.5002534408778361
MBPP/772,code_8,0.0025163372047245502,0.001502573606558144,0.5002534408778361
MBPP/772,code_9,0.0025163372047245502,0.001502573606558144,0.5002534408778361
MBPP/772,code_10,0.0025163372047245502,0.001502573606558144,0.5002534408778361
MBPP/776,code_1,0.0037185505498200655,0.002616327255964279,0.5002755557955663
MBPP/776,code_2,0.0031220070086419582,0.0028649144805967808,0.5000642731316574
MBPP/776,code_3,0.002949258778244257,0.002623125212267041,0.5000815333907715
MBPP/776,code_4,0.0031220070086419582,0.0028649144805967808,0.5000642731316574
MBPP/776,code_5,0.0036634670104831457,0.0024788258597254753,0.500296160253054
MBPP/776,code_6,0.003036664566025138,0.0026177684776484966,0.5001047240205628
MBPP/776,code_7,0.002960635581985116,0.002552227582782507,0.5001021019983816
MBPP/776,code_8,0.0031220070086419582,0.0028649144805967808,0.5000642731316574
MBPP/776,code_9,0.0038365854416042566,0.0028069058898836374,0.5002574198651862
MBPP/776,code_10,0.0031220070086419582,0.0028649144805967808,0.5000642731316574
MBPP/777,code_1,0.0036423716228455305,0.002141239820048213,0.5003752828802276
MBPP/777,code_2,0.0042640273459255695,0.001777511090040207,0.5006216287436894
MBPP/777,code_3,0.004050594754517078,0.0012646573595702648,0.5006964838982599
MBPP/777,code_4,0.004369430709630251,0.002080160891637206,0.5005723172045503
MBPP/777,code_5,0.003988760057836771,0.0013360672164708376,0.5006631728214581
MBPP/777,code_6,0.0038212519139051437,0.0011654160916805267,0.5006639585652889
MBPP/777,code_7,0.004289710428565741,0.00160294771194458,0.5006716902750947
MBPP/777,code_8,0.003834303468465805,0.001367163029499352,0.5006167847968888
MBPP/777,code_9,0.004067676607519388,0.0012024029856547713,0.5007163179153977
MBPP/777,code_10,0.003954600542783737,0.0011966992169618607,0.5006894748944423
MBPP/783,code_1,0.0009931080276146531,0.0009402557625435293,0.5000132130662647
MBPP/783,code_2,0.0008586564217694104,0.0007787674549035728,0.5000199722417058
MBPP/783,code_3,0.0007026089006103575,0.0006033253739587963,0.5000248208816425
MBPP/783,code_4,0.0007026089006103575,0.0006033253739587963,0.5000248208816425
MBPP/783,code_5,0.0013518689665943384,0.0007583297556266189,0.5001483847983857
MBPP/783,code_6,0.001258406206034124,0.0007484991219826043,0.5001274767682508
MBPP/783,code_7,0.001258406206034124,0.0007484991219826043,0.5001274767682508
MBPP/783,code_8,0.001258406206034124,0.0007484991219826043,0.5001274767682508
MBPP/783,code_9,0.001258406206034124,0.0007484991219826043,0.5001274767682508
MBPP/783,code_10,0.001258406206034124,0.0007484991219826043,0.5001274767682508
MBPP/806,code_1,0.0032510505989193916,0.002034455304965377,0.5003041487859743
MBPP/806,code_2,0.00433356873691082,0.002819906687363982,0.5003784154401354
MBPP/806,code_3,0.004771376959979534,0.0031536880414932966,0.5004044221414266
MBPP/806,code_4,0.0038357663433998823,0.003130661090835929,0.5001762763058377
MBPP/806,code_5,0.004236246924847364,0.0030039490666240454,0.5003080744255701
MBPP/806,code_6,0.0037030186504125595,0.0016051396960392594,0.5005244695462399
MBPP/806,code_7,0.004142401274293661,0.0022698482498526573,0.5004681381193181
MBPP/806,code_8,0.003929735627025366,0.0016901581548154354,0.5005598941340303
MBPP/806,code_9,0.003911395091563463,0.001708761788904667,0.5005506581030339
MBPP/806,code_10,0.0036837481893599033,0.0020663952454924583,0.5004043381478268
MBPP/819,code_1,0.00242100702598691,0.001625387230888009,0.5001989049382822
MBPP/819,code_2,0.0025681452825665474,0.0021966511849313974,0.5000928735233406
MBPP/819,code_3,0.002798485802486539,0.0017649830551818013,0.500258375663828
MBPP/819,code_4,0.002094292314723134,0.0013521767687052488,0.5001855288779897
MBPP/819,code_5,0.0032205372117459774,0.0026080706156790257,0.5001531166442303
MBPP/819,code_6,0.002205002587288618,0.001638618647120893,0.5001415959812566
MBPP/819,code_7,0.002490683924406767,0.001850919215939939,0.5001599411716615
MBPP/819,code_8,0.002152217784896493,0.0015142741613090038,0.500159485900488
MBPP/819,code_9,0.0030341155361384153,0.002400183118879795,0.5001584830990071
MBPP/819,code_10,0.00219148606993258,0.002369561465457082,0.49995548115123656
MBPP/822,code_1,0.003795202123001218,0.0019689248874783516,0.5004565691819816
MBPP/822,code_2,0.0047104088589549065,0.0034732376225292683,0.5003092927696563
MBPP/822,code_3,0.004041122738271952,0.0034029665403068066,0.5001595390440771
MBPP/822,code_4,0.004638452548533678,0.003756333375349641,0.5002205297789958
MBPP/822,code_5,0.004854170139878988,0.003870082087814808,0.5002460219931615
MBPP/822,code_6,0.004623787943273783,0.003490217961370945,0.5002833924651297
MBPP/822,code_7,0.0034318396355956793,0.0033003678545355797,0.5000328679452176
MBPP/822,code_8,0.0032578331883996725,0.0023834817111492157,0.5002185878553869
MBPP/822,code_9,0.0037299697287380695,0.0024461739230901003,0.5003209489073315
MBPP/822,code_10,0.0038033784367144108,0.0024749054573476315,0.5003321181959971
MBPP/832,code_1,0.002865418791770935,0.0021969927474856377,0.5001671065048494
MBPP/832,code_2,0.003017994575202465,0.0015294451732188463,0.5003721372817814
MBPP/832,code_3,0.0034298556856811047,0.0023573029320687056,0.5002681381626983
MBPP/832,code_4,0.002836713334545493,0.0020916613284498453,0.5001862629929077
MBPP/832,code_5,0.003430385375395417,0.002232194412499666,0.5002995477048865
MBPP/832,code_6,0.002865418791770935,0.0021969927474856377,0.5001671065048494
MBPP/832,code_7,0.003079967573285103,0.0020041733514517546,0.5002689485295198
MBPP/832,code_8,0.0023018685169517994,0.00195357040502131,0.5000870745271024
MBPP/832,code_9,0.0028940855991095304,0.002167569939047098,0.5001816289070266
MBPP/832,code_10,0.002883740235120058,0.0021097895223647356,0.5001934876685306
MBPP/841,code_1,0.0024640506599098444,0.0028140340000391006,0.49991250416586086
MBPP/841,code_2,0.003824087092652917,0.0013849926181137562,0.5006097733163304
MBPP/841,code_3,0.00173114612698555,0.0015885888133198023,0.500035639328356
MBPP/841,code_4,0.0007744160247966647,0.0014927260344848037,0.49982042250529934
MBPP/841,code_5,0.0026004272513091564,0.0023492902982980013,0.5000627842379227
MBPP/841,code_6,0.0015497501008212566,0.001913685817271471,0.4999090160718917
MBPP/841,code_7,0.0011902856640517712,0.0017318553291261196,0.4998646075870406
MBPP/841,code_8,0.0020492495968937874,0.003950031939893961,0.4995248045573224
MBPP/841,code_9,0.0018324204720556736,0.001361739239655435,0.5001176703059277
MBPP/841,code_10,0.002591789700090885,0.002632604679092765,0.49998979625525103
MBPP/857,code_1,0.004292178899049759,0.002583078807219863,0.5004272749189508
MBPP/857,code_2,0.004251411650329828,0.0018865525489673018,0.5005912144998071
MBPP/857,code_3,0.003339080372825265,0.0014933289494365454,0.5004614377248451
MBPP/857,code_4,0.003966921009123325,0.0020261050667613745,0.5004852038332864
MBPP/857,code_5,0.004058780148625374,0.0024617749731987715,0.5003992512090016
MBPP/857,code_6,0.003914454020559788,0.002507693599909544,0.5003516900471638
MBPP/857,code_7,0.0037857170682400465,0.001706356299109757,0.5005198400049781
MBPP/857,code_8,0.003700962755829096,0.0020760518964380026,0.5004062276254664
MBPP/857,code_9,0.0040478939190506935,0.0018972099060192704,0.5005376707960107
MBPP/857,code_10,0.003826797241345048,0.0018944019684568048,0.5004830986678918
MBPP/861,code_1,0.004614448174834251,0.0022140364162623882,0.5006001026514948
MBPP/861,code_2,0.003724680282175541,0.001978162443265319,0.5004366293487391
MBPP/861,code_3,0.0021887754555791616,0.0012182369828224182,0.5002426345991434
MBPP/861,code_4,0.0034473955165594816,0.0019489804981276393,0.5003746036845181
MBPP/861,code_5,0.004869936034083366,0.00201429333537817,0.500713910189533
MBPP/861,code_6,0.0023283001501113176,0.0015877628466114402,0.5001851343174144
MBPP/861,code_7,0.002163203898817301,0.0011135218665003777,0.500262420483984
MBPP/861,code_8,0.0029144329018890858,0.0014315213775262237,0.5003707278131542
MBPP/861,code_9,0.003147023031488061,0.0020003695972263813,0.5002866633271563
MBPP/861,code_10,0.0033705690875649452,0.002012658631429076,0.5003394775618698
MBPP/863,code_1,0.0020116842351853848,0.0011734049767255783,0.5002095698023427
MBPP/863,code_2,0.0021537470165640116,0.0014014698099344969,0.5001880692927881
MBPP/863,code_3,0.0014820166397839785,0.0011274587595835328,0.5000886394691215
MBPP/863,code_4,0.0021537470165640116,0.0014014698099344969,0.5001880692927881
MBPP/863,code_5,0.0020116842351853848,0.0011734049767255783,0.5002095698023427
MBPP/863,code_6,0.0021537470165640116,0.0014014698099344969,0.5001880692927881
MBPP/863,code_7,0.0014820166397839785,0.0011274587595835328,0.5000886394691215
MBPP/863,code_8,0.0021537470165640116,0.0014014698099344969,0.5001880692927881
MBPP/863,code_9,0.0020116842351853848,0.0011734049767255783,0.5002095698023427
MBPP/863,code_10,0.0021537470165640116,0.0014014698099344969,0.5001880692927881
MBPP/872,code_1,0.002858600113540888,0.002858600113540888,0.5
MBPP/872,code_2,0.0033596449065953493,0.002616494195535779,0.5001857876692145
MBPP/872,code_3,0.0031376315746456385,0.001948199700564146,0.5002973579334631
MBPP/872,code_4,0.002422398654744029,0.0022756329271942377,0.5000366914318216
MBPP/872,code_5,0.0025756501127034426,0.0022377637214958668,0.5000844715969983
MBPP/872,code_6,0.0030235950835049152,0.002467786194756627,0.5001389522186099
MBPP/872,code_7,0.0033458066172897816,0.0016955722821876407,0.5004125584901497
MBPP/872,code_8,0.0021995925344526768,0.0024538226425647736,0.4999364424733143
MBPP/872,code_9,0.0029567042365670204,0.002509322250261903,0.5001118454947109
MBPP/872,code_10,0.0030751493759453297,0.002529549179598689,0.500136400045703
MBPP/876,code_1,0.003861571429297328,0.001956949010491371,0.5004761554607603
MBPP/876,code_2,0.004805104807019234,0.0027165599167346954,0.500522136032774
MBPP/876,code_3,0.0032056334894150496,0.001650118618272245,0.500388878639374
MBPP/876,code_4,0.0032724079210311174,0.0016583757242187858,0.5004035079616049
MBPP/876,code_5,0.0037312356289476156,0.001721682376228273,0.5005023881441135
MBPP/876,code_6,0.002930188551545143,0.0019216646905988455,0.5002521309438659
MBPP/876,code_7,0.0028426190838217735,0.0019537017215043306,0.500222229325946
MBPP/876,code_8,0.003145473310723901,0.0015571222174912691,0.5003970876898252
MBPP/876,code_9,0.0028655393980443478,0.0018940058071166277,0.5002428833786275
MBPP/876,code_10,0.00284295785240829,0.0018355515785515308,0.5002518515471645
MBPP/898,code_1,0.0030501545406877995,0.001779139507561922,0.5003177537155045
MBPP/898,code_2,0.0036970723886042833,0.0017327830428257585,0.5004910721785473
MBPP/898,code_3,0.003519731108099222,0.0017423932440578938,0.5004443343490419
MBPP/898,code_4,0.0028590180445462465,0.0018896955298259854,0.5002423306097059
MBPP/898,code_5,0.0028446719516068697,0.0018081836169585586,0.5002591220604641
MBPP/898,code_6,0.003238977398723364,0.001859988202340901,0.5003447472444643
MBPP/898,code_7,0.0031678369268774986,0.0018334033666178584,0.5003336083405598
MBPP/898,code_8,0.0023249005898833275,0.0014211832312867045,0.5002259293242727
MBPP/898,code_9,0.0024117438588291407,0.0017644694307819009,0.5001618186013622
MBPP/898,code_10,0.003331128740683198,0.0020845672115683556,0.5003116403419235
MBPP/913,code_1,0.003120877081528306,0.0011661866446956992,0.5004886724536143
MBPP/913,code_2,0.0032848261762410402,0.0012084200279787183,0.5005191013505584
MBPP/913,code_3,0.0028417829889804125,0.0013958369381725788,0.5003614864497202
MBPP/913,code_4,0.002748417668044567,0.0021072851959615946,0.5001602831125304
MBPP/913,code_5,0.0034382184967398643,0.001649675308726728,0.5004471356778086
MBPP/913,code_6,0.0031873229891061783,0.0013080746866762638,0.500469811937343
MBPP/913,code_7,0.003005045000463724,0.0019402027828618884,0.500266210529246
MBPP/913,code_8,0.0029872364830225706,0.0012648754054680467,0.5004305901629421
MBPP/913,code_9,0.004218227230012417,0.002329526236280799,0.5004721751080712
MBPP/913,code_10,0.003758661914616823,0.0020118665415793657,0.5004366987322181
MBPP/955,code_1,0.0035536158829927444,0.0021054476965218782,0.5003620419833451
MBPP/955,code_2,0.002731204964220524,0.002525951713323593,0.500051313312544
MBPP/955,code_3,0.0032909130677580833,0.0027496605180203915,0.5001353131341311
MBPP/955,code_4,0.0036144964396953583,0.0026444222312420607,0.5002425185330949
MBPP/955,code_5,0.0036658209282904863,0.0020724672358483076,0.5003983383388362
MBPP/955,code_6,0.003127917880192399,0.0020195357501506805,0.5002770955041426
MBPP/955,code_7,0.0038620636332780123,0.002200537361204624,0.5004153814724575
MBPP/955,code_8,0.003127917880192399,0.0020195357501506805,0.5002770955041426
MBPP/955,code_9,0.0038620636332780123,0.002200537361204624,0.5004153814724575
MBPP/955,code_10,0.003127917880192399,0.0020195357501506805,0.5002770955041426
MBPP/957,code_1,0.0025274765212088823,0.0012610049452632666,0.5003166178516665
MBPP/957,code_2,0.002980138873681426,0.0014637949643656611,0.5003790859046928
MBPP/957,code_3,0.003504917025566101,0.0013941597426310182,0.5005276891248163
MBPP/957,code_4,0.0035583400167524815,0.0020117030944675207,0.5003866591534945
MBPP/957,code_5,0.005063342396169901,0.001580852665938437,0.500870621552669
MBPP/957,code_6,0.003241118974983692,0.0015551059041172266,0.500421503167868
MBPP/957,code_7,0.003492325311526656,0.0013464114163070917,0.5005364782679338
MBPP/957,code_8,0.003324063029140234,0.001148765441030264,0.5005438241825831
MBPP/957,code_9,0.0036270851269364357,0.0013447953388094902,0.5005705721993632
MBPP/957,code_10,0.003921428695321083,0.0018236336763948202,0.5005244485624013
MBPP/967,code_1,0.0032567272428423166,0.0026168536860495806,0.5001599683837401
MBPP/967,code_2,0.003626791061833501,0.0020504016429185867,0.5003940972731177
MBPP/967,code_3,0.0030856523662805557,0.00272307894192636,0.5000906433550956
MBPP/967,code_4,0.0027779871597886086,0.0023947744630277157,0.5000958031730178
MBPP/967,code_5,0.002843468450009823,0.0019090143032371998,0.5002336135196938
MBPP/967,code_6,0.0029390384443104267,0.0022534390445798635,0.5001713998432188
MBPP/967,code_7,0.002967104548588395,0.002292800694704056,0.5001685759570835
MBPP/967,code_8,0.0024383210111409426,0.0026779717300087214,0.49994008732056977
MBPP/967,code_9,0.0027750798035413027,0.002546556293964386,0.5000571308771455
MBPP/967,code_10,0.002964608371257782,0.0033072594087570906,0.4999143372414633
